Obs;HHMMSS;Treatment;Tree;aux1;FTime;EBal?;Photo;Cond;Ci;Trmmol;VpdL;CTleaf;Area;BLC_1;StmRat;BLCond;Tair;Tleaf;TBlk;CO2R;CO2S;H2OR;H2OS;RH_R;RH_S;Flow;PARi;PARo;Press;CsMch;HsMch;StableF;BLCslope;BLCoffst;f_parin;f_parout;alphaK;Status;fda;Trans;Tair_K;Twall_K;R(W/m2);Tl-Ta;SVTleaf;h2o_i;h20diff;CTair;SVTair;CndTotal;vp_kPa;VpdA;CndCO2;Ci_Pa;Ci/Ca;RHsfc;C2sfc;AHs/Cs
1;14:28:52;;c26;0;153,5;1;15,05143433;0,120949392;173,3242678;2,6745224;2,043150189;27,12172601;2,6;5;0;5;27,88924408;26,61149597;27,93524933;400,589447;386,6704712;14,55346203;16,82879829;35,81925201;41,41934967;300,471405;1500,44873;141,9712677;92,79794312;16,76544571;0,572687507;1;0;5;1;0;0,159999996;111115;1,15565925;0,002674522;299,761496;301,0392441;240,0717915;0,510230034;3,604828056;38,84599093;22,01719263;26,61149597;3,498299935;0,118092743;1,561677867;1,936622068;0,074059408;16,08413554;0,448248006;43,07587726;382,6065839;0,016945703
2;14:30:53;;c26;0;274,5;1;11,0168327;0,121126969;133,5752898;2,679291755;2,043818508;27,14090441;2,6;5;0;5;27,87638474;26,63375664;27,92797661;299,9697876;289,7650452;14,58570957;16,86502075;35,92623138;41,54043198;300,4712219;1499,15686;142,3669586;92,79966736;16,76544571;0,572687507;1;0;5;1;0;0,159999996;111115;1,155658546;0,002679292;299,7837566;301,0263847;239,8650923;0,507147773;3,608886824;38,88900603;22,02398528;26,63375664;3,502889614;0,118262025;1,565068316;1,937821298;0,074165932;12,39574246;0,460977927;43,12095273;286,7905003;0,016564577
3;14:32:54;;c26;0;396;1;7,165559364;0,124989195;114,0760273;2,663986461;1,971620023;26,78945432;2,6;5;0;5;27,82854652;26,26491165;27,9360466;220,1634216;213,4710236;14,5823307;16,84862518;36,01767349;41,61531448;300,4757385;1500,800171;144,4292603;92,79798126;16,76544571;0,572687507;1;0;5;1;0;0,159999996;111115;1,155675917;0,002663986;299,4149117;300,9785465;240,128022;0,52454267;3,535138428;38,09499279;21,24636761;26,26491165;3,42751577;0,121940935;1,563518404;1,863997366;0,076481212;10,58602505;0,534386473;44,05108784;211,5363225;0,01492182
4;14:35:24;;c26;0;545;1;1,014804312;0,128943725;121,7100321;2,672120671;1,919160363;26,49079604;2,6;5;0;5;27,68060875;25,96180534;27,93134117;140,1971893;138,9978943;14,47721291;16,75028229;36,06722641;41,7301445;300,5249634;1499,368408;155,1657104;92,79515839;18,41215897;0,597351432;0,666666687;0;5;1;0;0,159999996;111115;1,155865244;0,002672121;299,1118053;300,8306087;239,89894;0,528990699;3,473505461;37,43196867;20,68168638;25,96180534;3,366639788;0,125702028;1,554345098;1,81229469;0,078848721;11,2941017;0,875625006;44,63781976;138,7238971;0,003265382
5;14:37:54;;c26;0;695,5;1;-1,567094904;0,132921569;78,13580552;2,697461678;1,881450485;26,25740527;2,6;5;0;5;27,63588715;25,72394562;27,93809128;59,94260025;61,15589142;14,34925365;16,6445713;35,84224701;41,57559967;300,4667053;1499,917114;192,6413574;92,79579163;16,91073227;0,590338111;0,666666687;0;5;1;0;0,159999996;111115;1,155641174;0,002697462;298,8739456;300,7858871;239,9867329;0,533459649;3,425996656;36,91974168;20,27517038;25,72394562;3,319531383;0,129479446;1,54454617;1,774985213;0,081227024;7,250673927;1,277649687;45,0331092;61,57900704;-0,011460262
6;14:40:25;;c26;0;846,5;1;15,07119651;0,132118769;190,358534;2,715322971;1,905053267;26,34666338;2,6;5;0;5;27,68039322;25,81859589;27,94509697;400,6566467;386,7076111;14,27422714;16,5847187;35,56344604;41,31990814;300,4881897;1499,373535;224,7656555;92,79899597;16,91073227;0,590338111;1;0;5;1;0;0,159999996;111115;1,155723807;0,002715323;298,9685959;300,8303932;239,8997603;0,528067497;3,444098512;37,11353206;20,52881335;25,81859589;3,338207549;0,128717568;1,539045244;1,799162304;0,080747296;17,66508083;0,492254428;44,62360407;382,638388;0,017576154
7;14:42:41;;c26;0;982,5;1;18,74241749;0,124162181;224,6719708;2,669427983;1,988984658;26,72910633;2,6;5;0;5;27,73941231;26,20775986;27,95502281;501,1080322;483,7732239;14,25459671;16,52622032;35,39245605;41,03262329;300,4816589;1499,325317;230,2701416;92,79941559;16,91073227;0,590338111;1;0;5;1;0;0,159999996;111115;1,155698688;0,002669428;299,3577599;300,8894123;239,8920454;0,521346468;3,522608245;37,95937963;21,4331593;26,20775986;3,415964397;0,121153641;1,533623588;1,882340809;0,075985697;20,84942759;0,464415887;43,36175741;478,7127712;0,016976864
8;14:44:42;;c26;0;1103,5;1;27,7113291;0,118727937;372,9912939;2,635800625;2,050997789;27,03239467;2,6;5;0;5;27,82216072;26,51359177;27,95722961;800,5708618;774,8273315;14,29724884;16,54008484;35,32878876;40,87088394;300,5003967;1501,959717;215,1983643;92,80347443;16,91073227;0,590338111;1;0;5;1;0;0,159999996;111115;1,155770757;0,002635801;299,6635918;300,9721607;240,3135493;0,518802908;3,585975129;38,64052667;22,10044184;26,51359177;3,478176426;0,115974065;1,53497734;1,943199086;0,072726279;34,614888;0,481386341;42,54648601;767,3452727;0,015364917
9;14:46:43;;c26;0;1224,5;1;32,24263717;0,117659343;496,779877;2,549575867;2,002240104;26,7803585;2,6;5;0;5;27,81116295;26,23767662;27,91539001;1000,052979;970,0079956;14,3262949;16,49644279;35,42515182;40,79135513;300,419342;1499,010254;204,9834442;92,80832672;16,91073227;0,590338111;1;0;5;1;0;0,159999996;111115;1,155459008;0,002549576;299,3876766;300,9611629;239,8416353;0,542681882;3,533247357;38,07037021;21,57392741;26,23767662;3,422006848;0,114954255;1,531007253;1,890999596;0,072084644;46,10530913;0,512139982;43,0813725;961,3024836;0,01444974
10;14:49:20;;c26;0;1381,5;1;36,88079822;0,110691977;881,3558013;2,351967651;1,961618792;26,49439588;2,6;5;0;5;27,68720436;25,90999794;27,93605995;1500,196411;1465,199097;14,28938866;16,29725647;35,59305191;40,5943985;299,5942383;1499,879028;187,963913;92,81463623;16,91073227;0,590338111;1;0;5;1;0;0,159999996;111115;1,152285532;0,002351968;299,0599979;300,8372044;239,9806392;0,584397942;3,474242723;37,43205667;21,1348002;25,90999794;3,356329829;0,108294511;1,512623931;1,843705898;0,06789546;81,80271809;0,601526307;43,23619383;1455,241281;0,010957532
1;15:26:06;;c31;0;137,5;1;9,463346405;0,084300584;198,8494817;1,835990006;1,999680214;26,6170597;2,7;5;0;5;28,54465103;25,91097832;27,93593788;400,6660156;391,4880371;14,53418159;16,16236305;34,4313736;38,28852463;299,539917;1498,809082;77,41395569;92,79375458;16,94842148;0,577015281;1;0;5;1;0;0,159999996;111115;1,1094071;0,00183599;299,0609783;301,694651;239,8094478;0,706081379;3,499446565;37,71209152;21,54972846;25,91097832;3,356524673;0,082902832;1,49976635;1,856758322;0,051938062;18,45199;0,50793246;42,24905281;388,9329336;0,010279855
2;15:28:10;;c31;0;261,5;1;6,495695048;0,087981791;165,6182494;1,872880341;1,955946386;26,50415349;2,7;5;0;5;28,60392761;25,79627419;27,94478989;299,8113708;293,461853;14,72340488;16,38366508;34,75968552;38,67930603;299,5872803;1499,292358;89,35153198;92,79336548;16,94842148;0,577015281;1;0;5;1;0;0,159999996;111115;1,10958252;0,00187288;298,9462742;301,7539276;239,886772;0,707879306;3,476241808;37,46218052;21,07851543;25,79627419;3,333794834;0,086460402;1,520295422;1,813499411;0,05417241;15,36827475;0,564360402;43,17699698;291,7080154;0,009614566
3;15:30:40;;c31;0;411,5;1;1,022841054;0,100317035;194,9547395;2,08545945;1,914266641;26,48334395;2,7;5;0;5;28,55210495;25,81207848;27,96435547;219,8764648;218,5437469;14,94012356;16,78826332;35,37471771;39,75067902;299,5558167;1501,417847;92,84094238;92,78583527;19,52735519;0,566881537;1;0;5;1;0;0,159999996;111115;1,109465988;0,002085459;298,9620785;301,7021049;240,2268501;0,671265474;3,471979676;37,41928567;20,63102235;25,81207848;3,336918613;0,098343921;1,557713035;1,779205578;0,061639228;18,08903835;0,892062767;44,44392313;218,2675799;0,002082722
4;15:33:10;;c31;0;561,5;1;-0,466308043;0,113850948;142,2155283;2,277581678;1,847191486;26,28295403;2,7;5;0;5;28,57641602;25,63507271;27,93954849;140,0092621;140,141449;15,05941772;17,07082367;35,60795593;40,3639183;300,5108948;1500,519775;78,20909119;92,78861237;18,28043747;0,569906592;1;0;5;1;0;0,159999996;111115;1,113003314;0,002277582;298,7850727;301,726416;240,0831587;0,647881321;3,431169526;36,97834722;19,90752355;25,63507271;3,302078344;0,111316255;1,58397804;1,718100303;0,069796031;13,19598153;1,014799899;45,90092813;140,2673521;-0,001525941
5;15:35:40;;c31;0;711,5;1;-2,085126523;0,117993125;88,23368813;2,30730817;1,807488605;26,10049255;2,7;5;0;5;28,40511513;25,45804405;27,93609428;60,0367012;61,78203201;15,06387138;17,10144806;35,97618103;40,84241104;300,5135803;1499,470459;77,5839386;92,79254913;16,92917252;0,570097327;0,666666687;0;5;1;0;0,159999996;111115;1,11301326;0,002307308;298,6080441;301,5551151;239,9152681;0,642448498;3,394375564;36,5802599;19,47881184;25,45804405;3,267551823;0,115272845;1,586886959;1,680664864;0,072285087;8,187428841;1,428144806;46,54330395;62,34501617;-0,015566389
6;15:38:09;;c31;0;860,5;1;9,614554039;0,117510601;247,4473271;2,231495298;1,755676281;25,80242792;2,7;5;0;5;28,40558434;25,13354874;27,95792389;400,3059998;390,8840332;15,05008125;17,02086258;35,9405632;40,64691544;300,5146179;1499,501587;90,48364258;92,78816223;16,92917252;0,570097327;1;0;5;1;0;0,159999996;111115;1,113017103;0,002231495;298,2835487;301,5555843;239,9202485;0,668879184;3,335010839;35,94220167;18,92133909;25,13354874;3,205082603;0,11481227;1,579334558;1,625748045;0,071995314;22,96018273;0,633045369;47,16590767;388,2881036;0,011678935
7;15:40:17;;c31;0;988,5;1;11,91604098;0,107188485;295,2733684;2,128007565;1,831136152;26,13630661;2,7;5;0;5;28,37520981;25,46492386;27,921978;500,7374573;489,0951233;15,04573536;16,92548752;35,99251938;40,48927689;300,4849854;1501,306274;92,23677826;92,78516388;16,92917252;0,570097327;1;0;5;1;0;0,159999996;111115;1,112907353;0,002128008;298,6149239;301,5252098;240,2089985;0,671382756;3,401570285;36,66071323;19,73522571;25,46492386;3,268887702;0,104938838;1,570434133;1,698453569;0,065785247;27,39698788;0,603713581;45,84679975;485,8777922;0,011243822
8;15:42:18;;c31;0;1110;1;17,14373001;0,100821529;486,0990797;2,026293313;1,851300176;26,181968;2,7;5;0;5;28,33228683;25,498209;27,9385891;800,4593506;783,62854;15,01830673;16,80838013;36,01422882;40,30686951;300,4923401;1499,610474;85,6647644;92,778862;16,92917252;0,570097327;1;0;5;1;0;0,159999996;111115;1,112934593;0,002026293;298,648209;301,4822868;239,9376704;0,683759001;3,410762556;36,76228057;19,95390045;25,498209;3,275357548;0,098828717;1,55946238;1,715895168;0,061943951;45,09971943;0,620318244;45,33031329;778,9997329;0,009976007
9;15:44:19;;c31;0;1231;1;19,57280954;0,092938229;611,5506413;1,935405384;1,914625609;26,4697822;2,7;5;0;5;28,31691742;25,78439522;27,95297813;1000,117065;980,824646;15,04665184;16,75653076;36,1127739;40,21657562;300,4909668;1499,127197;82,48671722;92,77450562;16,92917252;0,570097327;1;0;5;1;0;0,159999996;111115;1,112929507;0,001935405;298,9343952;301,4669174;239,8603462;0,685386982;3,469204466;37,39394183;20,63741107;25,78439522;3,331448591;0,09124225;1,554578857;1,776869734;0,057176392;56,73630841;0,623506601;44,3101171;975,5399874;0,008890189
10;15:46:49;;c31;0;1381;1;22,38157891;0,085637376;1011,490784;1,813027573;1,943393118;26,60188856;2,7;5;0;5;28,4433918;25,8948822;27,93896675;1501,100708;1478,580322;15,13694859;16,73882294;36,0631752;39,87957382;300,4751892;1500,349854;79,62852478;92,77400208;16,92917252;0,570097327;1;0;5;1;0;0,159999996;111115;1,112871071;0,001813028;299,0448822;301,5933918;240,0559712;0,707006355;3,496320711;37,68642759;20,94760465;25,8948822;3,353326915;0,084195323;1,552927594;1,800399321;0,052749764;93,84004811;0,684095932;43,8233178;1472,537296;0,00666085
1;15:54:21;;c33;0;135,5;1;16,52515363;0,21608766;247,9831523;3,877877179;1,688167578;26,3164758;2,8;5;0;5;28,38910866;25,95358086;27,89581299;401,0715027;384,2830811;15,31671524;18,86232567;36,60395813;45,07727432;300,4630127;1500,214233;109,2498398;92,76689911;16,92917252;0,570097327;1;0;5;1;0;0,159999996;111115;1,073082188;0,003877877;299,1035809;301,5391087;240,034272;0,362894943;3,43796704;37,06027768;18,19795201;25,95358086;3,365001225;0,207135764;1,749799462;1,615201763;0,130235424;23,00462807;0,64531374;51,57658501;379,8212896;0,02243979
2;15:56:59;;c33;0;293,5;1;11,79628754;0,221280373;192,6485798;3,868217033;1,646579066;26,0901569;2,8;5;0;5;28,294487;25,71982193;27,92996407;300,1863403;288,1542969;15,28084469;18,81790352;36,7206459;45,22037506;300,4527588;1500,132935;76,73537445;92,76924133;16,92917252;0,570097327;1;0;5;1;0;0,159999996;111115;1,073045567;0,003868217;298,8698219;301,444487;240,0212642;0,370334973;3,392301699;36,56709541;17,74919189;25,71982193;3,318719786;0,211902404;1,745722633;1,572997153;0,133250792;17,87186259;0,668560497;52,19454308;284,9692992;0,021605901
3;15:59:00;;c33;0;414,5;1;7,755420087;0,220040883;148,6281409;3,842630137;1,644701545;26,03558295;2,8;5;0;5;28,22612762;25,66189003;27,95060539;220,3663025;212,3792419;15,20661926;18,72020721;36,68809509;45,16511536;300,4890442;1499,577393;76,29553986;92,76970673;16,92917252;0,570097327;1;0;5;1;0;0,159999996;111115;1,073175158;0,00384263;298,81189;301,3761276;239,9323774;0,373692915;3,381369679;36,44907155;17,72886434;25,66189003;3,307336318;0,210765478;1,736668133;1,570668185;0,132531499;13,78818904;0,699824237;52,08861382;210,2852785;0,019210526
4;16:01:32;;c33;0;566,5;1;1,354254461;0,224904102;124,4457628;3,832506911;1,606854647;25,82029967;2,8;5;0;5;28,56671143;25,41966629;27,93399429;139,9247131;138,1691742;15,16122246;18,66614151;35,86233902;44,15287018;300,4552307;1499,390381;85,52292633;92,77171326;18,44977188;0,524298072;1;0;5;1;0;0,159999996;111115;1,073054395;0,003832507;298,5696663;301,7167114;239,9024556;0,400633381;3,338544575;35,98666509;17,32052358;25,41966629;3,260108612;0,215223187;1,731689928;1,528418684;0,135352005;11,54504662;0,90067675;52,64738501;137,8035255;0,005173885
5;16:04:04;;c33;0;718;1;-1,874447039;0,218189316;73,99736701;3,835737059;1,655092341;26,05885564;2,8;5;0;5;28,48384094;25,67259026;27,92318916;60,19216156;61,71830368;15,15082741;18,6585598;36,00956345;44,3465271;300,4696045;1500,52356;89,60664368;92,7689743;17,05062866;0,526110053;0,666666687;0;5;1;0;0,159999996;111115;1,07310573;0,003835737;298,8225903;301,6338409;240,0837642;0,386265385;3,386027796;36,49957134;17,84101154;25,67259026;3,309436313;0,209066117;1,730935455;1,578500858;0,131456462;6,864659839;1,198953351;51,83544153;62,22440438;-0,015614901
6;16:06:33;;c33;0;867;1;16,14395915;0,216999169;251,4871235;3,730505425;1,618505072;25,81916049;2,8;5;0;5;28,48303795;25,40505981;27,95421219;400,3875122;384,0096436;15,12889194;18,54054451;35,9554863;44,06365585;300,4922485;1499,009155;82,62294006;92,75963593;17,05062866;0,526110053;1;0;5;1;0;0,159999996;111115;1,073186602;0,003730505;298,5550598;301,6330379;239,8414595;0,414100679;3,33831923;35,98892123;17,44837672;25,40505981;3,257279639;0,207973169;1,719814159;1,537465481;0,130765105;23,32785402;0,654897937;52,23159114;379,6507746;0,022210535
7;16:08:49;;c33;0;1003,5;1;20,27236106;0,204661645;304,9173169;3,585029252;1,645134083;25,88681201;2,8;5;0;5;28,31421661;25,45848465;27,93306351;500,8407898;480,3468018;15,1202507;18,39925194;36,2868042;44,1560173;300,4996948;1499,097534;78,4355011;92,75325775;17,05062866;0,526110053;1;0;5;1;0;0,159999996;111115;1,073213196;0,003585029;298,6084846;301,4642166;239,8556001;0,428327361;3,351724641;36,13592365;17,73667172;25,45848465;3,267637361;0,196613785;1,706590557;1,561046804;0,123582182;28,28207449;0,634785775;51,52508193;474,8732643;0,021996081
8;16:10:51;;c33;0;1125,5;1;29,13441935;0,194868766;505,0599116;3,463026784;1,665762071;25,93810623;2,8;5;0;5;28,41824722;25,48573303;27,92405701;800,6448975;771,0023804;15,11933613;18,28793716;36,06352615;43,62145996;300,4211121;1500,101563;49,4897728;92,74736786;17,05062866;0,526110053;1;0;5;1;0;0,159999996;111115;1,072932543;0,003463027;298,635733;301,5682472;240,0162446;0,452373198;3,361920106;36,24814573;17,96020856;25,48573303;3,272931205;0,187558892;1,696158036;1,576773169;0,117859846;46,84297741;0,655069199;50,97384664;763,1360871;0,019460401
9;16:12:52;;c33;0;1246,5;1;32,61137644;0,184793996;651,6127497;3,34520961;1,693462431;26,01482034;2,8;5;0;5;28,52378654;25,53960609;27,9396801;1000,496887;967,0907593;15,09371948;18,15459633;35,78162766;43,03783417;300,4544373;1502,039185;42,0594635;92,74545288;17,05062866;0,526110053;1;0;5;1;0;0,159999996;111115;1,073051562;0,00334521;298,6896061;301,6737865;240,3262642;0,475214243;3,377218689;36,41384655;18,25925022;25,53960609;3,283419773;0,178207655;1,683756258;1,599663515;0,111953374;60,43411957;0,673786554;50,28712037;958,2856876;0,017113187
10;16:15:18;;c33;0;1392,5;1;38,63503542;0,175336866;1058,256628;3,244673036;1,727934442;26,14293603;2,8;5;0;5;28,41010284;25,66287804;27,89509583;1500,210083;1459,795898;15,09009361;18,05891991;36,01193237;43,09692001;300,4897156;1499,753174;38,95580292;92,75023651;17,05062866;0,526110053;1;0;5;1;0;0,159999996;111115;1,073177556;0,003244673;298,812878;301,5601028;239,9605024;0,480057995;3,402903534;36,68889334;18,62997343;25,66287804;3,307530173;0,169396573;1,674969092;1,63256108;0,106390999;98,1535525;0,724934649;49,56139256;1449,364439;0,01321135
1;16:24:41;;c35;0;141,5;1;12,43189515;0,168876503;255,7521577;3,103932677;1,713357291;26,3196712;3;5;0;5;30,17264175;25,7426815;28,0293026;400,2735596;386,6621704;15,55850792;18,60008621;33,53881836;40,09542084;300,45578;1498,069946;108,4235001;92,75539398;17,05062866;0,526110053;1;0;5;1;0;0,159999996;111115;1,001519267;0,003103933;298,8926815;303,3226418;239,691186;0,576989702;3,438615615;37,07186685;18,47178064;25,7426815;3,323221041;0,163359004;1,725258325;1,597962716;0,102581157;23,72239215;0,661435686;50,42090341;383,3055587;0,016353204
2;16:26:46;;c35;0;266,5;1;9,148273475;0,187005555;202,3159503;3,232633848;1,617479985;25,95745456;3;5;0;5;30,50995445;25,36920166;27,99294281;300,1936646;290,1222839;15,68171597;18,84877968;33,15674591;39,85305023;300,4394226;1500,082642;106,6054153;92,75363922;17,05062866;0,526110053;1;0;5;1;0;0,159999996;111115;1,001464742;0,003232634;298,5192017;303,6599545;240,0132173;0,5882529;3,365772895;36,28723276;17,43845308;25,36920166;3,250343749;0,180263499;1,74829291;1,502050839;0,113251622;18,76554067;0,697347159;52,36258806;287,6522501;0,016652999
3;16:28:47;;c35;0;387,5;1;5,974403606;0,213578154;162,090916;3,394712579;1,495534007;25,42867172;3;5;0;5;30,49745178;24,8447628;27,9122982;220,1226959;213,4342346;15,71882439;19,04367447;33,25804901;40,29279709;300,47052;1500,714355;85,5747757;92,75099945;17,05062866;0,526110053;1;0;5;1;0;0,159999996;111115;1,0015684;0,003394713;297,9947628;303,6474518;240,1142915;0,58390892;3,261853847;35,16785659;16,12418212;24,8447628;3,150368088;0,204828764;1,76631984;1,384048247;0,128776319;15,03409446;0,759441972;54,8039707;211,8211456;0,015457429
4;16:31:21;;c35;0;541;1;0,772707561;0,221900819;129,4290918;3,427996623;1,456162481;25,20084413;3;5;0;5;30,66544724;24,60411644;27,95388412;139,8973999;138,6513824;15,63861847;18,99614334;32,76967239;39,80514145;300,478302;1501,481323;71,76965332;92,74455261;18,36560059;0,455860496;0,666666687;0;5;1;0;0,159999996;111115;1,00159434;0,003427997;297,7541164;303,8154472;240,2370063;0,596727686;3,217951297;34,6969305;15,70078716;24,60411644;3,105399603;0,212471308;1,761788816;1,343610787;0,133610735;12,00384321;0,933485765;55,47638455;138,4427514;0,003096372
5;16:33:55;;c35;0;695;1;-2,030367765;0,235752198;74,74177283;3,410570641;1,368183479;24,6368547;3;5;0;5;30,17639732;24,0351429;27,90554047;60,23689651;62,05287552;15,4556675;18,79706383;33,30559158;40,50600052;300,4548035;1501,304932;60,88037872;92,74324036;17,12280655;0,43939054;1;0;5;1;0;0,159999996;111115;1,001516012;0,003410571;297,1851429;303,3263973;240,2087837;0,601711799;3,111484088;33,54944334;14,75237951;24,0351429;3,001302805;0,225136895;1,743300609;1,258002196;0,141627268;6,931794202;1,204485243;56,87928237;62,60107482;-0,018447904
6;16:36:25;;c35;0;845;1;14,01793368;0,224691225;272,3848146;3,431325814;1,440860878;24,95046;3;5;0;5;29,53274727;24,39782143;28,08095932;399,6915283;384,3782349;15,28543282;18,64759827;34,1806488;41,69898224;300,4617004;1498,785889;52,51725006;92,74317932;17,12280655;0,43939054;1;0;5;1;0;0,159999996;111115;1,001539001;0,003431326;297,5478214;302,6827473;239,8057368;0,552638574;3,170298428;34,18362894;15,53603067;24,39782143;3,067297858;0,215028234;1,72943755;1,337860308;0,135228638;25,26183371;0,708637456;55,32570793;380,5933928;0,020377445
7;16:38:40;;c35;0;980;1;17,42505733;0,21776382;337,3467916;3,389323019;1,466560433;25,02675928;3;5;0;5;29,7802639;24,45888329;28,04821205;499,7388306;480,716156;15,20492363;18,52592468;33,5202179;40,84157562;300,4996948;1498,614746;49,92017365;92,7453537;17,12280655;0,43939054;1;0;5;1;0;0,159999996;111115;1,001665649;0,003389323;297,6088833;302,9302639;239,778354;0,567875992;3,18475387;34,33868914;15,81276446;24,45888329;3,078532891;0,208675428;1,718193437;1,360339454;0,131209322;31,28734751;0,701758798;54,67440403;476,0113905;0,020014324
8;16:40:47;;c35;0;1107;1;24,30491474;0,208629474;562,3603303;3,359816803;1,514492155;25,27785395;3;5;0;5;30,45035553;24,68603134;28,00115013;800,0991821;773,2384644;15,23274517;18,52515602;32,3168602;39,30183792;300,4706116;1496,550903;49,08656311;92,75176239;17,12280655;0,43939054;1;0;5;1;0;0,159999996;111115;1,001568705;0,003359817;297,8360313;303,6003555;239,4481392;0,591822606;3,232733025;34,85360215;16,32844612;24,68603134;3,120643268;0,200272907;1,71824087;1,402402398;0,125895454;52,15991174;0,727279302;53,79464983;766,6761374;0,017053803
9;16:43:13;;c35;0;1253;1;27,01923864;0,198946733;723,0844449;3,277824865;1,546265262;25,45615909;3;5;0;5;30,43662643;24,85706711;27,86309814;1001,026672;970,8742676;15,34205437;18,55382347;32,57475281;39,39408493;300,4894104;1499,434326;49,26590347;92,75288391;17,12280655;0,43939054;1;0;5;1;0;0,159999996;111115;1,001631368;0,003277825;298,0070671;303,5866264;239,9094868;0,599091983;3,267185896;35,2246287;16,67080522;24,85706711;3,152682551;0,191333691;1,720920635;1,431761916;0,120245006;67,06816758;0,744776609;53,22621564;963,5790731;0,014924897
10;16:45:27;;c35;0;1387,5;1;30,28510723;0,184478219;1157,750958;3,191197565;1,618123312;25,88159198;3;5;0;5;30,87117004;25,26635933;27,9227314;1501,082886;1466,174316;15,55243778;18,6790657;32,21182632;38,68762207;300,4760132;1499,232422;47,50548172;92,7543869;17,12280655;0,43939054;1;0;5;1;0;0,159999996;111115;1,001586711;0,003191198;298,4163593;304,02117;239,8771821;0,615232646;3,350688599;36,12431402;17,44524831;25,26635933;3,230522919;0,177913968;1,732565287;1,497957632;0,111767926;107,3864803;0,78964073;52,11395314;1457,997337;0,010824963
1;14:57:21;;c30;0;137;1;12,29496005;0,128322085;221,3174972;2,70673301;1,953895372;26,50548164;2,8;5;0;5;27,71133995;25,98186493;27,93361092;400,9752197;388,5042114;13,91756248;16,40524292;34,61738968;40,80503845;299,6574402;1499,088989;177,7134399;92,81292725;16,91073227;0,590338111;1;0;5;1;0;0,159999996;111115;1,070205144;0,002706733;299,1318649;300,86134;239,8542329;0,523616711;3,47651399;37,45721736;21,05197444;25,98186493;3,370639179;0,12511118;1,522618618;1,848020561;0,078476764;20,54112477;0,569665632;43,68702137;385,1845722;0,013944748
2;14:59:22;;c30;0;258;1;8,645508392;0,130031889;174,5056979;2,753620376;1,962135171;26,56718432;2,8;5;0;5;27,75266075;26,05208015;27,93299294;300,1512146;291,3221436;13,92144108;16,45241928;34,54462433;40,82498932;299,6188049;1499,783691;172,7658234;92,81578827;16,91073227;0,590338111;1;0;5;1;0;0,159999996;111115;1,07006716;0,00275362;299,2020802;300,9026608;239,9653853;0,515104169;3,489179435;37,59252063;21,14010135;26,05208015;3,384671079;0,126735946;1,527044264;1,857626815;0,079499636;16,19688391;0,599012817;43,66831435;288,9878563;0,013064036
3;15:01:53;;c30;0;409;1;2,480191755;0,125450339;178,2236023;2,743919094;2,024064935;26,89604926;2,8;5;0;5;27,82978058;26,39055824;27,97027016;220,4864655;217,6107941;13,99741173;16,51918983;34,57843781;40,80809784;299,6321106;1499,897095;172,6942139;92,81938934;19,66569138;0,56968534;1;0;5;1;0;0,159999996;111115;1,070114681;0,002743919;299,5405582;300,9797806;239,9835298;0,505491019;3,557366048;38,32567821;21,80648838;26,39055824;3,453031137;0,122379821;1,533301113;1,919730024;0,076757453;16,54260593;0,819001663;42,92977141;216,9411423;0,00490797
4;15:04:24;;c30;0;559,5;1;0,222345963;0,126555156;131,6044459;2,755098423;2,014825404;26,88487128;2,8;5;0;5;27,77740669;26,38229179;27,93248558;139,8631287;139,2966766;14,0625267;16,5945797;34,84353638;41,11734772;299,6090698;1501,334595;161,1850128;92,81368256;18,362957;0,57286489;1;0;5;1;0;0,159999996;111115;1,070032392;0,002755098;299,5322918;300,9274067;240,2135298;0,502579486;3,555029456;38,30285965;21,70827995;26,38229179;3,451347366;0,123430991;1,540204052;1,911143314;0,077419102;12,21469327;0,944778075;43,16366379;139,2366432;0,000689277
5;15:06:55;;c30;0;710,5;1;-1,991376666;0,125913303;85,00051947;2,737493421;2,011744404;26,88439963;2,8;5;0;5;27,74637413;26,38077354;27,94187927;60,05475998;61,75773621;14,11205292;16,62773705;35,02751923;41,271698;299,6214905;1500,405884;141,0424957;92,80796814;16,94842148;0,577015281;0,666666687;0;5;1;0;0,159999996;111115;1,070076752;0,002737493;299,5307735;300,8963741;240,064936;0,503626085;3,554930894;38,30415605;21,676419;26,38077354;3,451038196;0,122820359;1,54318649;1,907851706;0,077034741;7,888725503;1,376354198;43,24089091;62,29540791;-0,013822672
6;15:09:55;;c30;0;890,5;1;12,14355463;0,125437427;218,9264739;2,698991323;1,990955997;26,76831193;2,8;5;0;5;27,705513;26,25434303;27,96364212;400,1423035;387,817688;14,11221981;16,59223747;35,10927582;41,27922058;299,666626;1500,960938;128,2609253;92,80171967;16,94842148;0,577015281;1;0;5;1;0;0,159999996;111115;1,07023795;0,002698991;299,404343;300,855513;240,1537446;0,513968897;3,530744167;38,04610712;21,45386965;26,25434303;3,425377101;0,122367534;1,539788171;1,885588931;0,076749719;20,31675326;0,564508739;43,44589629;384,5389282;0,013720005
7;15:12:11;;c30;0;1026,5;1;15,49283501;0,12459961;268,7285408;2,637378762;1,958866677;26,56604015;2,8;5;0;5;27,67050552;26,03401756;27,9488678;500,6266785;484,9538879;14,06335354;16,48727226;35,06003952;41,1028862;299,6349487;1500,856201;128,7431183;92,80355835;16,94842148;0,577015281;1;0;5;1;0;0,159999996;111115;1,070124817;0,002637379;299,1840176;300,8205055;240,1369868;0,53202259;3,48894421;37,59494002;21,10766776;26,03401756;3,381056562;0,121570093;1,530077533;1,850979029;0,076247805;24,93896481;0,55413215;43,69766245;480,7708225;0,014081567
8;15:14:12;;c30;0;1148;1;22,17569649;0,125109953;467,4945551;2,614984639;1,934833945;26,4194582;2,8;5;0;5;27,68634605;25,87621498;27,93784904;801,0736694;778,4501953;14,01985073;16,42320633;34,91827393;40,9041481;299,6521606;1500,920166;131,0184326;92,80096436;16,94842148;0,577015281;1;0;5;1;0;0,159999996;111115;1,070186288;0,002614985;299,026215;300,8363461;240,1472212;0,543243219;3,45892333;37,27249339;20,84928706;25,87621498;3,349621698;0,122055873;1,524089385;1,825532313;0,076553555;43,38394554;0,600545234;43,92247558;772,4627573;0,012609171
9;15:16:13;;c30;0;1269;1;25,24636955;0,119667355;602,8485762;2,598998843;2,007474244;26,75834264;2,8;5;0;5;27,71025085;26,2273941;27,92256165;1001,259705;975,302063;14,00437546;16,39296913;34,82913208;40,76960373;299,6701355;1499,595825;136,9399567;92,79585266;16,94842148;0,577015281;1;0;5;1;0;0,159999996;111115;1,070250484;0,002598999;299,3773941;300,8602509;239,9353267;0,530948533;3,528673792;38,0262015;21,63323237;26,2273941;3,419928981;0,116870245;1,521199548;1,898729432;0,073290159;55,94184765;0,618114735;42,88535949;968,4855432;0,011179306
10;15:18:38;;c30;0;1414;1;29,05473228;0,121328544;1034,169927;2,574042349;1,961944048;26,54776573;2,8;5;0;5;27,76426506;26,00003433;27,9358139;1499,328369;1468,646729;14,05023479;16,41597748;34,83106232;40,69582748;299,6523438;1500,422974;140,12323;92,79039764;16,94842148;0,577015281;1;0;5;1;0;0,159999996;111115;1,070186942;0,002574042;299,1500343;300,9142651;240,0676704;0,547731394;3,485189126;37,55980375;21,14382628;26,00003433;3,374265294;0,118454169;1,523245078;1,851020216;0,074286844;95,96103877;0,704165207;43,51548697;1460,801951;0,008655046
